{
    "loss_history": [
        1.2207168340682983,
        0.3612809181213379,
        0.21908944845199585,
        0.1431140899658203,
        0.1055849939584732
    ],
    "validation_loss": [
        0.49621567130088806,
        0.2369115799665451,
        0.20207352936267853,
        0.18553335964679718,
        0.1273215413093567
    ],
    "test_loss": 0.12529025971889496
}