{
    "loss_history": [
        1.735588788986206,
        0.4540095925331116,
        0.23963488638401031,
        0.17121563851833344,
        0.11100328713655472,
        0.10417518019676208,
        0.07346747815608978,
        0.05389706790447235,
        0.051092203706502914,
        0.053220681846141815,
        0.043184030801057816,
        0.04280735179781914,
        0.034395020455121994,
        0.040150392800569534,
        0.05126895010471344,
        0.017889225855469704,
        0.027918851003050804,
        0.021050313487648964,
        0.02014627680182457,
        0.027276845648884773,
        0.026512054726481438,
        0.021492697298526764,
        0.014243961311876774,
        0.02246982231736183,
        0.027425549924373627,
        0.023828987032175064,
        0.024649901315569878,
        0.007028990890830755,
        0.009266437031328678,
        0.03187786787748337,
        0.02295440435409546,
        0.011487597599625587,
        0.02458561584353447,
        0.01377282664179802,
        0.017073821276426315,
        0.012327846139669418,
        0.02106115221977234,
        0.006729044020175934,
        0.024809138849377632,
        0.013352827169001102,
        0.025776293128728867,
        0.010374565608799458,
        0.010069066658616066,
        0.018186427652835846,
        0.012311523780226707,
        0.01588757522404194,
        0.01671391911804676
    ],
    "validation_loss": [
        0.6118387579917908,
        0.24829144775867462,
        0.2077382504940033,
        0.14247635006904602,
        0.1319427788257599,
        0.11274532973766327,
        0.1109580546617508,
        0.09109123796224594,
        0.09161632508039474,
        0.0997052937746048,
        0.10011283308267593,
        0.11874072253704071,
        0.11246156692504883,
        0.09927601367235184,
        0.08755406737327576,
        0.1475548893213272,
        0.12311147898435593,
        0.08688509464263916,
        0.0698387622833252,
        0.08995454013347626,
        0.08923941105604172,
        0.07151082903146744,
        0.06098773702979088,
        0.14666913449764252,
        0.10647183656692505,
        0.1023935079574585,
        0.048718228936195374,
        0.06478621065616608,
        0.07619722932577133,
        0.0788319855928421,
        0.07198569178581238,
        0.09800457954406738,
        0.08345808833837509,
        0.0868544727563858,
        0.09292498975992203,
        0.13347989320755005,
        0.0759870782494545,
        0.09636534005403519,
        0.05938815698027611,
        0.09548571705818176,
        0.08657358586788177,
        0.07593242079019547,
        0.06199601665139198,
        0.1040043905377388,
        0.0832037553191185,
        0.08041588217020035,
        0.08111939579248428
    ],
    "test_loss": 0.07107584923505783
}