{
    "loss_history": [
        1.5171173810958862,
        0.49108079075813293,
        0.27985280752182007,
        0.1934669315814972,
        0.14475783705711365
    ],
    "validation_loss": [
        0.5459801554679871,
        0.2742758095264435,
        0.20535306632518768,
        0.14312396943569183,
        0.10791317373514175
    ],
    "test_loss": 0.10518664121627808
}