{
    "loss_history": [
        1.7993229627609253,
        0.5362492203712463,
        0.26429325342178345,
        0.16358411312103271,
        0.1475367546081543,
        0.10472200065851212,
        0.09067682176828384,
        0.0597335509955883,
        0.053803667426109314,
        0.052072543650865555,
        0.04425034672021866,
        0.038610413670539856,
        0.032838743180036545,
        0.04128139093518257,
        0.02761874347925186,
        0.026097232475876808,
        0.0289759524166584,
        0.03698937967419624,
        0.03899345174431801,
        0.014909837394952774,
        0.015305718407034874,
        0.02100561559200287,
        0.032351426780223846,
        0.027084076777100563,
        0.028014399111270905,
        0.010553211905062199,
        0.011930042877793312,
        0.02684514783322811,
        0.018809275701642036,
        0.01960517279803753,
        0.005902472417801619,
        0.01750502549111843,
        0.01993565261363983,
        0.024384943768382072,
        0.010730267502367496,
        0.009568321518599987,
        0.009216555394232273,
        0.020838357508182526,
        0.02145414613187313,
        0.02313615009188652,
        0.010643724352121353,
        0.0025215651839971542,
        0.007551420945674181,
        0.012937159277498722,
        0.013143005780875683,
        0.01267269253730774,
        0.012437193654477596,
        0.0068769920617341995,
        0.025861818343400955,
        0.01548275537788868
    ],
    "validation_loss": [
        0.8426839113235474,
        0.3313919007778168,
        0.20494677126407623,
        0.24868497252464294,
        0.13631026446819305,
        0.14365604519844055,
        0.1367439329624176,
        0.08458514511585236,
        0.08431996405124664,
        0.10769836604595184,
        0.0805908814072609,
        0.11194439977407455,
        0.1001904085278511,
        0.0876302719116211,
        0.0934225544333458,
        0.16561919450759888,
        0.09904029965400696,
        0.12452714145183563,
        0.10057944059371948,
        0.07423269748687744,
        0.1360929012298584,
        0.141691654920578,
        0.0804445743560791,
        0.0803668275475502,
        0.11499697715044022,
        0.08762219548225403,
        0.11044356971979141,
        0.10308253765106201,
        0.08812376111745834,
        0.0765707865357399,
        0.10802942514419556,
        0.08087202161550522,
        0.09458502382040024,
        0.20617277920246124,
        0.07267475873231888,
        0.09352537244558334,
        0.10964451730251312,
        0.09360698610544205,
        0.11433055251836777,
        0.06069408729672432,
        0.05744842439889908,
        0.08067740499973297,
        0.08379659801721573,
        0.1114305928349495,
        0.07792720198631287,
        0.19994109869003296,
        0.09926901757717133,
        0.08614226430654526,
        0.13280291855335236,
        0.070945605635643
    ],
    "test_loss": 0.07494090497493744
}