{
    "batch": [
        16,
        64,
        256
    ],
    "droput": [
        0.3,
        0.3,
        0.3
    ],
    "learning_rate": [
        0.001,
        0.001,
        0.001
    ],
    "epochs": [
        50,
        50,
        50
    ],
    "loss_history": [
        [
            1.1469340324401855,
            0.40524375438690186,
            0.2637573182582855,
            0.20888780057430267,
            0.1628636121749878,
            0.13039150834083557,
            0.12636198103427887,
            0.10650434345006943,
            0.0894986018538475,
            0.08526588976383209,
            0.07018915563821793,
            0.06323666125535965,
            0.07427690178155899,
            0.060023728758096695,
            0.0552254356443882,
            0.053997986018657684,
            0.04395353049039841,
            0.03969913348555565,
            0.052670422941446304,
            0.032876163721084595,
            0.03901425749063492,
            0.038153715431690216,
            0.021587224677205086,
            0.03184744715690613,
            0.03291860967874527,
            0.01625095307826996,
            0.030883969739079475,
            0.015674371272325516,
            0.03574535250663757,
            0.023304572328925133,
            0.01990986056625843,
            0.020471936091780663,
            0.015057201497256756,
            0.022440996021032333,
            0.01926255412399769,
            0.02545844204723835,
            0.01861204020678997,
            0.027325155213475227,
            0.021715210750699043,
            0.006902308668941259,
            0.016864102333784103,
            0.013470289297401905,
            0.013621427118778229,
            0.013988679274916649,
            0.020080015063285828
        ],
        [
            1.1687545776367188,
            0.30869466066360474,
            0.2081117033958435,
            0.15970943868160248,
            0.1236225813627243,
            0.0983809232711792,
            0.08987295627593994,
            0.0739835724234581,
            0.07727064192295074,
            0.06475084275007248,
            0.06109192967414856,
            0.0525696836411953,
            0.04535680264234543,
            0.04546269029378891,
            0.03292451798915863,
            0.04048531875014305,
            0.04454836621880531,
            0.035477135330438614,
            0.04367271065711975,
            0.031170962378382683,
            0.025284305214881897,
            0.030843151733279228,
            0.022413287311792374,
            0.031107328832149506,
            0.0223611518740654,
            0.023194696754217148,
            0.02181403525173664,
            0.030144043266773224,
            0.02884579822421074,
            0.020702246576547623,
            0.015350149013102055,
            0.023743698373436928,
            0.01360227819532156,
            0.017580827698111534,
            0.026059359312057495,
            0.01810336671769619,
            0.024005455896258354,
            0.020528234541416168,
            0.008538653142750263,
            0.017337249591946602,
            0.01569925807416439,
            0.007515768986195326,
            0.02918240986764431,
            0.008006209507584572,
            0.011751516722142696,
            0.023325728252530098,
            0.005934976972639561,
            0.007184636313468218,
            0.0211805310100317,
            0.01500337477773428
        ],
        [
            1.7993229627609253,
            0.5362492203712463,
            0.26429325342178345,
            0.16358411312103271,
            0.1475367546081543,
            0.10472200065851212,
            0.09067682176828384,
            0.0597335509955883,
            0.053803667426109314,
            0.052072543650865555,
            0.04425034672021866,
            0.038610413670539856,
            0.032838743180036545,
            0.04128139093518257,
            0.02761874347925186,
            0.026097232475876808,
            0.0289759524166584,
            0.03698937967419624,
            0.03899345174431801,
            0.014909837394952774,
            0.015305718407034874,
            0.02100561559200287,
            0.032351426780223846,
            0.027084076777100563,
            0.028014399111270905,
            0.010553211905062199,
            0.011930042877793312,
            0.02684514783322811,
            0.018809275701642036,
            0.01960517279803753,
            0.005902472417801619,
            0.01750502549111843,
            0.01993565261363983,
            0.024384943768382072,
            0.010730267502367496,
            0.009568321518599987,
            0.009216555394232273,
            0.020838357508182526,
            0.02145414613187313,
            0.02313615009188652,
            0.010643724352121353,
            0.0025215651839971542,
            0.007551420945674181,
            0.012937159277498722,
            0.013143005780875683,
            0.01267269253730774,
            0.012437193654477596,
            0.0068769920617341995,
            0.025861818343400955,
            0.01548275537788868
        ]
    ],
    "name": [
        "MLP_model_0",
        "MLP_model_3",
        "MLP_model_6"
    ],